instruction_name,file_name,line_no,is_vector
"  %newgep_166 = getelementptr double# double* %phibase_75# i64 %relidx_165",,,0
"  %newgep_ = getelementptr double# double* %phibase_3# i64 %relidx_",,,0
"  %newgep_144 = getelementptr double# double* %newgep_# i64 %relidx_143",,,0
"  %newgep_146 = getelementptr double# double* %newgep_144# i64 %relidx_145",,,0
"  %newgep_148 = getelementptr double# double* %newgep_146# i64 %relidx_147",,,0
"  %newgep_168 = getelementptr double# double* %newgep_166# i64 %relidx_167",,,0
"  %newgep_170 = getelementptr double# double* %newgep_168# i64 %relidx_169",,,0
"  %newgep_150 = getelementptr double# double* %newgep_148# i64 %relidx_149",,,0
"  %newgep_152 = getelementptr double# double* %newgep_150# i64 %relidx_151",,,0
"  %newgep_154 = getelementptr double# double* %newgep_152# i64 %relidx_153",,,0
"  %newgep_156 = getelementptr double# double* %newgep_154# i64 %relidx_155",,,0
"  %newgep_172 = getelementptr double# double* %newgep_170# i64 %relidx_171",,,0
"  %newgep_158 = getelementptr double# double* %newgep_156# i64 %relidx_157",,,0
"  %newgep_160 = getelementptr double# double* %newgep_158# i64 %relidx_159",,,0
"  %newgep_162 = getelementptr double# double* %newgep_160# i64 %relidx_161",,,0
"  %newgep_174 = getelementptr double# double* %newgep_172# i64 %relidx_173",,,0
"  %newgep_176 = getelementptr double# double* %newgep_174# i64 %relidx_175",,,0
"  %newgep_164 = getelementptr double# double* %newgep_162# i64 %relidx_163",,,0
"  %duprsltadr_218 = getelementptr double# double* %2# i64 %phidx_74",,,0
"  %newgep_208 = getelementptr double# double* %phibase_69# i64 %relidx_207",,,0
"  %newgep_210 = getelementptr double# double* %newgep_208# i64 %relidx_209",,,0
"  %newgep_212 = getelementptr double# double* %newgep_210# i64 %relidx_211",,,0
"  %newgep_214 = getelementptr double# double* %phibase_141# i64 %relidx_213",,,0
"  %newgep_216 = getelementptr double# double* %newgep_214# i64 %relidx_215",,,0
"  %newgep_178 = getelementptr double# double* %phibase_51# i64 %relidx_177",,,0
"  %newgep_180 = getelementptr double# double* %newgep_178# i64 %relidx_179",,,0
"  %newgep_182 = getelementptr double# double* %newgep_180# i64 %relidx_181",,,0
"  %newgep_184 = getelementptr double# double* %phibase_123# i64 %relidx_183",,,0
"  %newgep_186 = getelementptr double# double* %newgep_184# i64 %relidx_185",,,0
"  %duprsltadr_ = getelementptr double# double* %1# i64 %phidx_2",,,0
"  %newgep_188 = getelementptr double# double* %phibase_57# i64 %relidx_187",,,0
"  %newgep_190 = getelementptr double# double* %newgep_188# i64 %relidx_189",,,0
"  %newgep_192 = getelementptr double# double* %newgep_190# i64 %relidx_191",,,0
"  %newgep_194 = getelementptr double# double* %phibase_129# i64 %relidx_193",,,0
"  %newgep_196 = getelementptr double# double* %newgep_194# i64 %relidx_195",,,0
"  %newgep_198 = getelementptr double# double* %phibase_67# i64 %relidx_197",,,0
"  %newgep_200 = getelementptr double# double* %newgep_198# i64 %relidx_199",,,0
"  %newgep_202 = getelementptr double# double* %newgep_200# i64 %relidx_201",,,0
"  %newgep_204 = getelementptr double# double* %phibase_139# i64 %relidx_203",,,0
"  %newgep_206 = getelementptr double# double* %newgep_204# i64 %relidx_205",,,0
